# 3章 运算符

## 3.1 算术运算符

* 算术运算符主要用于数学运算，其可以连接运算符前后的两个数值或表达式，对数值或表达式进行加
  （+）、减（-）、乘（*）、除（/）和取模（%）运算。

### 3.1.1 加减运算符

* 一个整数类型的值对整数进行加法和减法操作，结果还是一个整数；
* 一个整数类型的值对浮点数进行加法和减法操作，结果是一个浮点数；
* 加法和减法的优先级相同，进行先加后减操作与进行先减后加操作的结果是一样的；

```
mysql> SELECT 100, 100 + 0, 100 - 0, 100 + 50, 100 + 50 -30, 100 + 35.5, 100 - 35.5
FROM dual;
+-----+---------+---------+----------+--------------+------------+------------+
| 100 | 100 + 0 | 100 - 0 | 100 + 50 | 100 + 50 -30 | 100 + 35.5 | 100 - 35.5 |
+-----+---------+---------+----------+--------------+------------+------------+
| 100 | 100 | 100 | 150 | 120 | 135.5 | 64.5 |
+-----+---------+---------+----------+--------------+------------+------------+
1 row in set (0.00 sec)
```

### 3.1.2 乘法与除法运算符

* 乘法用* ，除法用/或者DIV

- 一个数乘以整数1和除以整数1后仍得原数；
- 一个数乘以浮点数1和除以浮点数1后变成浮点数，数值与原数相等；
- 一个数除以整数后，不管是否能除尽，结果都为一个浮点数；
- 一个数除以另一个数，除不尽时，结果为一个浮点数，并保留到小数点后4位；
- 乘法和除法的优先级相同，进行先乘后除操作与先除后乘操作，得出的结果相同。
- 在数学运算中，0不能用作除数，在MySQL中，一个数除以0为NULL。

```
SELECT 100, 100 * 1, 100 * 1.0, 100 / 1.0, 100 / 2,
100 + 2 * 5 / 2,100 / 3, 100 DIV 0  # 分母如果为0，则结果为null
FROM DUAL;
```

### 3.1.3 求模（求余）运算符

%或者MOD

```
mysql> SELECT 12 % 3, 12 MOD 5 FROM dual;
+--------+----------+
| 12 % 3 | 12 MOD 5 |
+--------+----------+
| 0 | 2 |
+--------+----------+
1 row in set (0.00 sec)
```

## 3.2 比较运算符

* 比较运算符用来对表达式左边的操作数和右边的操作数进行比较，比较的结果为真则返回1，比较的结果为假则返回0，其他情况则返回NULL。
* 比较运算符经常被用来作为SELECT查询语句的条件来使用，返回符合条件的结果记录。
* =  <=>  <> !=  <  <=  >  >= 

### 3.2.1 等号运算符

* 等号运算符（=）判断等号两边的值、字符串或表达式是否相等，如果相等则返回1，不相等则返回0。
* 如果等号两边的值、字符串或表达式都为字符串，则MySQL会按照字符串进行比较，其比较的是每个字符串中字符的ANSI编码是否相等。
* 如果等号两边的值都是整数，则MySQL会按照整数来比较两个值的大小。
* 如果等号两边的值一个是整数，另一个是字符串，则MySQL会将字符串转化为数字进行比较，字符串无法转化时，则看做是0。
* 如果等号两边的值、字符串或表达式中有一个为NULL，则比较结果为NULL。

```
mysql> SELECT 1 = 1, 1 = '1', 1 = 0, 'a' = 'a', (5 + 3) = (2 + 6), '' = NULL , NULL =
NULL;
+-------+---------+-------+-----------+-------------------+-----------+-------------+
| 1 = 1 | 1 = '1' | 1 = 0 | 'a' = 'a' | (5 + 3) = (2 + 6) | '' = NULL | NULL = NULL |
+-------+---------+-------+-----------+-------------------+-----------+-------------+
| 1 | 1 | 0 | 1 | 1 | NULL | NULL |
+-------+---------+-------+-----------+-------------------+-----------+-------------+
1 row in set (0.00 sec)
```

```
mysql> SELECT 1 = 2, 0 = 'abc', 1 = 'abc' FROM dual;
+-------+-----------+-----------+
| 1 = 2 | 0 = 'abc' | 1 = 'abc' |
+-------+-----------+-----------+
| 0 | 1 | 0 |
+-------+-----------+-----------+
1 row in set, 2 warnings (0.00 sec)
```

### 3.2.2 安全等与运算符

* <=> ：安全等于。 为NULL而生。
* 使用安全等于运算符时，两边的操作数的值都为NULL时，返回的结果为1而不是NULL，其他返回结果与等于运算符相同。

```
mysql> SELECT 1 <=> '1', 1 <=> 0, 'a' <=> 'a', (5 + 3) <=> (2 + 6), '' <=> NULL,NULL
<=> NULL FROM dual;
+-----------+---------+-------------+---------------------+-------------+-------------
--+
| 1 <=> '1' | 1 <=> 0 | 'a' <=> 'a' | (5 + 3) <=> (2 + 6) | '' <=> NULL | NULL <=>
NULL |
+-----------+---------+-------------+---------------------+-------------+---------------+
| 1 | 0 | 1 | 1 | 0 |1 |
+-----------+---------+-------------+---------------------+-------------+---------------+
1 row in set (0.00 sec)
```

### 3.2.3 不等于运算符

* <>和!=
* 如果两边的值有任意一个为NULL，或两边都为NULL，则结果为NULL

```
SELECT 1 <> 1, 1 != 2, 'a' != 'b', (3+4) <> (2+6), 'a' != NULL, NULL <> NULL;
+--------+--------+------------+----------------+-------------+--------------+
| 1 <> 1 | 1 != 2 | 'a' != 'b' | (3+4) <> (2+6) | 'a' != NULL | NULL <> NULL |
+--------+--------+------------+----------------+-------------+--------------+
| 0 | 1 | 1 | 1 | NULL | NULL |
+--------+--------+------------+----------------+-------------+--------------+
1 row in set (0.00 sec)
```

### 3.2.4 空运算符

* IS NULL或者ISNULL（这个是函数）

```
mysql> SELECT NULL IS NULL, ISNULL(NULL), ISNULL('a'), 1 IS NULL;
+--------------+--------------+-------------+-----------+
| NULL IS NULL | ISNULL(NULL) | ISNULL('a') | 1 IS NULL |
+--------------+--------------+-------------+-----------+
| 1 | 1 | 0 | 0 |
+--------------+--------------+-------------+-----------+
1 row in set (0.00 sec)
```

### 3.2.5 非空运算符

* IS NOT NULL或则ISNOTNULL(函数)

```
mysql> SELECT NULL IS NOT NULL, 'a' IS NOT NULL, 1 IS NOT NULL;
+------------------+-----------------+---------------+
| NULL IS NOT NULL | 'a' IS NOT NULL | 1 IS NOT NULL |
+------------------+-----------------+---------------+
| 0 | 1 | 1 |
+------------------+-----------------+---------------+
1 row in set (0.01 sec)
```

### 3.2.6 最小值运算符

* LEAST(值1，值2，...，值n)
* 当参数是整数或者浮点数时，LEAST将返回其中最小的值；
* 当参数为字符串时，返回字母表中顺序最靠前的字符；
* 当比较值列表中有NULL时，不能判断大小，返回值为NULL。

```
mysql> SELECT LEAST (1,0,2), LEAST('b','a','c'), LEAST(1,NULL,2);
+---------------+--------------------+-----------------+
| LEAST (1,0,2) | LEAST('b','a','c') | LEAST(1,NULL,2) |
+---------------+--------------------+-----------------+
| 0 | a | NULL |
+---------------+--------------------+-----------------+
1 row in set (0.00 sec)
```

### 3.2.7 最大值运算符

* GREATEST(值1，值2，...，值n)
* 当参数是整数或者浮点数时，GREATEST将返回其中最大的值；
* 当参数为字符串时，返回字母表中顺序最靠后的字符；
* 当比较值列表中有NULL时，不能判断大小，返回值为NULL。

```
+-----------------+-----------------------+--------------------+
| GREATEST(1,0,2) | GREATEST('b','a','c') | GREATEST(1,NULL,2) |
+-----------------+-----------------------+--------------------+
| 2 | c | NULL |
+-----------------+-----------------------+--------------------+
1 row in set (0.00 sec)
```

### 3.2.8 BETWEEN AND运算符

* BETWEEN运算符使用的格式通常为SELECT D FROM TABLE WHERE C BETWEEN A
  AND B

```
mysql> SELECT 1 BETWEEN 0 AND 1, 10 BETWEEN 11 AND 12, 'b' BETWEEN 'a' AND 'c';
+-------------------+----------------------+-------------------------+
| 1 BETWEEN 0 AND 1 | 10 BETWEEN 11 AND 12 | 'b' BETWEEN 'a' AND 'c' |
+-------------------+----------------------+-------------------------+
| 1 | 0 | 1 |
+-------------------+----------------------+-------------------------+
1 row in set (0.00 sec)
```

### 3.2.9 IN运算符

- IN运算符用于判断给定的值是否是IN列表中的一个值，如果是则返回1，否则返回0。
- 给定的值为NULL，或者IN列表中存在NULL，则结果为NULL。

```
mysql> SELECT 'a' IN ('a','b','c'), 1 IN (2,3), NULL IN ('a','b'), 'a' IN ('a', NULL);
+----------------------+------------+-------------------+--------------------+
| 'a' IN ('a','b','c') | 1 IN (2,3) | NULL IN ('a','b') | 'a' IN ('a', NULL) |
+----------------------+------------+-------------------+--------------------+
| 1 | 0 | NULL | 1 |
+----------------------+------------+-------------------+--------------------+
```

### 3.2.10 NOT IN运算符

* NOT IN运算符用于判断给定的值是否不是IN列表中的一个值，如果不是IN列表中的一个值，则返回1，否则返回0。
* 给定的值为NULL，或者IN列表中存在NULL，则结果为NULL。

```
mysql> SELECT 'a' NOT IN ('a','b','c'), 1 NOT IN (2,3);
+--------------------------+----------------+
| 'a' NOT IN ('a','b','c') | 1 NOT IN (2,3) |
+--------------------------+----------------+
| 0 | 1 |
+--------------------------+----------------+
1 row in set (0.00 sec)
```

### 3.2.11 LIKE运算符

- LIKE运算符主要用来匹配字符串，通常用于模糊匹配，如果满足条件则返回1，否则返回0。
- 给定的值或者匹配条件为NULL，则返回结果为NULL。
- LIKE运算符通常使用如下通配符：

```
“%”：匹配0个或多个字符。
“_”：只能匹配一个字符。
```

```
mysql> SELECT NULL LIKE 'abc', 'abc' LIKE NULL;
+-----------------+-----------------+
| NULL LIKE 'abc' | 'abc' LIKE NULL |
+-----------------+-----------------+
| NULL | NULL |
+-----------------+-----------------+
1 row in set (0.00 sec)
```

```
#练习：查询last_name中包含字符'a'的员工信息
SELECT last_name
FROM employees
WHERE last_name LIKE '%a%';

#练习：查询last_name中以字符'a'开头的员工信息
SELECT last_name
FROM employees
WHERE last_name LIKE 'a%';

#练习：查询last_name中包含字符'a'且包含字符'e'的员工信息
#写法1：
SELECT last_name
FROM employees
WHERE last_name LIKE '%a%' AND last_name LIKE '%e%';
#写法2：
SELECT last_name
FROM employees
WHERE last_name LIKE '%a%e%' OR last_name LIKE '%e%a%';

# _ ：代表一个不确定的字符

#练习：查询第3个字符是'a'的员工信息
SELECT last_name
FROM employees
WHERE last_name LIKE '__a%';

#练习：查询第2个字符是_且第3个字符是'a'的员工信息
#需要使用转义字符: \ 
SELECT last_name
FROM employees
WHERE last_name LIKE '_\_a%';

#或者  (了解)
SELECT last_name
FROM employees
WHERE last_name LIKE '_$_a%' ESCAPE '$';
```

### 3.2.12 REGEXP运算符

* 语法格式为： expr REGEXP 匹配条件

```
（1）‘^’匹配以该字符后面的字符开头的字符串。
（2）‘$’匹配以该字符前面的字符结尾的字符串。
（3）‘.’匹配任何一个单字符。
（4）“[...]”匹配在方括号内的任何字符。例如，“[abc]”匹配“a”或“b”或“c”。为了命名字符的范围，使用一
个‘-’。“[a-z]”匹配任何字母，而“[0-9]”匹配任何数字。
（5）‘*’匹配零个或多个在它前面的字符。例如，“x*”匹配任何数量的‘x’字符，“[0-9]*”匹配任何数量的数字，
而“*”匹配任何数量的任何字符。
```

```
mysql> SELECT 'shkstart' REGEXP '^s', 'shkstart' REGEXP 't$', 'shkstart' REGEXP 'hk';
+------------------------+------------------------+-------------------------+
| 'shkstart' REGEXP '^s' | 'shkstart' REGEXP 't$' | 'shkstart' REGEXP 'hk' |
+------------------------+------------------------+-------------------------+
| 1 | 1 | 1 |
+------------------------+------------------------+-------------------------+
1 row in set (0.01 sec)
```

## 3.3 逻辑运算符

### 3.3.1 逻辑非运算符

- 逻辑非（NOT或!）运算符表示当给定的值为0时返回1；当给定的值为非0值时返回0；
- 当给定的值为NULL时，返回NULL。

```
mysql> SELECT NOT 1, NOT 0, NOT(1+1), NOT !1, NOT NULL;
+-------+-------+----------+--------+----------+
| NOT 1 | NOT 0 | NOT(1+1) | NOT !1 | NOT NULL |
+-------+-------+----------+--------+----------+
| 0 | 1 | 0 | 1 | NULL |
+-------+-------+----------+--------+----------+
1 row in set, 1 warning (0.00 sec)
```

### 3.3.2 逻辑与运算符

* 逻辑与（AND或&&）运算符是当给定的所有值均为非0值，并且都不为NULL时，返回1；
* 当给定的一个值或者多个值为0时则返回0；否则返回NULL。

```
mysql> SELECT 1 AND -1, 0 AND 1, 0 AND NULL, 1 AND NULL;
+----------+---------+------------+------------+
| 1 AND -1 | 0 AND 1 | 0 AND NULL | 1 AND NULL |
+----------+---------+------------+------------+
| 1 | 0 | 0 | NULL |
+----------+---------+------------+------------+
1 row in set (0.00 sec)
```

### 3.3.3 逻辑或运算符

- 逻辑或（OR或||）运算符是当给定的值都不为NULL，并且任何一个值为非0值时，则返回1，否则返回0；
- 当一个值为NULL，并且另一个值为非0值时，返回1，否则返回NULL；当两个值都为NULL时，返回NULL。

```
mysql> SELECT 1 OR -1, 1 OR 0, 1 OR NULL, 0 || NULL, NULL || NULL;
+---------+--------+-----------+-----------+--------------+
| 1 OR -1 | 1 OR 0 | 1 OR NULL | 0 || NULL | NULL || NULL |
+---------+--------+-----------+-----------+--------------+
| 1 | 1 | 1 | NULL | NULL |
+---------+--------+-----------+-----------+--------------+
1 row in set, 2 warnings (0.00 sec)
```



**OR可以和AND一起使用，但是在使用时要注意两者的优先级，由于AND的优先级高于OR，因此先**
**对AND两边的操作数进行操作，再与OR中的操作数结合。**



### 3.3.4 逻辑异或运算符

- 逻辑异或（XOR）运算符是当给定的值中任意一个值为NULL时，则返回NULL；
- 如果两个非NULL的值都是0或者都不等于0时，则返回0；如果一个值为0，另一个值不为0时，则返回1。

```
| 1 XOR -1 | 1 XOR 0 | 0 XOR 0 | 1 XOR NULL | 1 XOR 1 XOR 1 | 0 XOR 0 XOR 0 |
+----------+---------+---------+------------+---------------+---------------+
| 0 | 1 | 0 | NULL | 1 | 0 |
+----------+---------+---------+------------+---------------+---------------+
1 row in set (0.00 sec)
```

## 3.4 位运算符

* 位运算符是在二进制数上进行计算的运算符。位运算符会先将操作数变成二进制数，然后进行位运算，最后将计算结果从二进制变回十进制数

### 3.4.1 与运算符

* &

```
mysql> SELECT 1 & 10, 20 & 30;
+--------+---------+
| 1 & 10 | 20 & 30 |
+--------+---------+
| 0 | 20 |
+--------+---------+
1 row in set (0.00 sec)
```

### 3.4.2 或运算符

* |

```
mysql> SELECT 1 | 10, 20 | 30;
+--------+---------+
| 1 | 10 | 20 | 30 |
+--------+---------+
| 11 | 30 |
+--------+---------+
1 row in set (0.00 sec)
```

### 3.4.3 取反运算符

* ~

```
mysql> SELECT 10 & ~1;
+---------+
| 10 & ~1 |
+---------+
| 10 |
+---------+
1 row in set (0.00 sec)
```

### 3.4.4 右移运算符

* ```
  >>
  ```

  ```
  mysql> SELECT 1 >> 2, 4 >> 2;
  +--------+--------+
  | 1 >> 2 | 4 >> 2 |
  +--------+--------+
  | 0 | 1 |
  +--------+--------+
  1 row in set (0.00 sec)
  ```

### 3.4.5 左移运算符

* ```
  <<
  ```

  ```
  mysql> SELECT 1 << 2, 4 << 2;
  +--------+--------+
  | 1 << 2 | 4 << 2 |
  +--------+--------+
  | 4 | 16 |
  +--------+--------+
  1 row in set (0.00 sec)
  ```

  
